sample_id,mae,max_diff,correlation
test-data_CelebAHQ_OpenJourney_10389_r_ear,0.0008857923,0.023956299,0.9830390230041753
test-data_CelebAHQ_OpenJourney_13712_cloth,0.000382264,0.006958008,0.9988478302001504
test-data_CelebAHQ_OpenJourney_14279_u_lip,0.00037329196,0.009094238,0.9967853649304121
test-data_CelebAHQ_OpenJourney_15664_hair,0.00034973255,0.009552002,0.9979288511158303
test-data_CelebAHQ_OpenJourney_23128_neck,0.00090451527,0.018493652,0.9813203548314307
test-data_CityScapes_Kandinsky_2_2_aachen_000066_000019_instance085,0.0010935087,0.027709961,0.9894594049289653
test-data_CityScapes_Kandinsky_2_2_aachen_000068_000019_instance002,0.000979257,0.036819458,0.9872788369116559
test-data_CityScapes_Kandinsky_2_2_aachen_000077_000019_instance056,0.0013836209,0.035842896,0.9798075763880738
test-data_CityScapes_Kandinsky_2_2_aachen_000081_000019_instance013,0.0006256066,0.0345459,0.996624777027157
test-data_CityScapes_Kandinsky_2_2_aachen_000108_000019_instance075,0.00046627125,0.014923096,0.998837994822693
test-data_OpenImages_StableDiffusion_v4_0d0468dd805ec3cf_m0cmf2_f7983532,0.0011268115,0.027740479,0.9703510411160685
test-data_OpenImages_StableDiffusion_v4_2dae65f6a2ea1463_m08pbxl_1e8e0f2a,0.0002460854,0.006439209,0.9975812951019427
test-data_OpenImages_StableDiffusion_v4_530390b8c8a1b1c3_m01lrl_21aac48e,0.00022259653,0.010574341,0.9962646661679618
test-data_OpenImages_StableDiffusion_v4_605f2f753577f961_m05n4y_ac70162d,0.00017916248,0.0043563843,0.9991929215140425
test-data_OpenImages_StableDiffusion_v4_7ed6de335ebb5f63_m01z1kdw_a2626fc0,0.00072928175,0.01852417,0.9703714150457337
test-data_SUN_RGBD_Kandinsky_2_2_76-417a__0013716-000459738972_010,0.00044672124,0.017944336,0.995132567217465
test-data_SUN_RGBD_Kandinsky_2_2_NYUdata__NYU0345_009,0.00041998678,0.011474609,0.9980192067749345
test-data_SUN_RGBD_Kandinsky_2_2_NYUdata__NYU0911_007,0.00064314075,0.012817383,0.9976668668273582
test-data_SUN_RGBD_Kandinsky_2_2_NYUdata__NYU1431_006,0.0005888875,0.016403198,0.994871468677572
test-data_SUN_RGBD_Kandinsky_2_2_b3dodata__img_0259_005,0.00040633397,0.014152527,0.998390158263557
